{"epoch": 199, "_timestamp": 1647912624, "_runtime": 1154, "loss": 1.1946263313293457, "categorical_accuracy": 0.6296296119689941, "val_loss": 1.1277720928192139, "val_categorical_accuracy": 0.46666666865348816, "_step": 199, "best_val_loss": 1.0971331596374512, "best_epoch": 197, "_wandb": {"runtime": 1150}}