{"epoch": 499, "_timestamp": 1647903892, "_runtime": 2752, "loss": 0.4824444353580475, "categorical_accuracy": 0.8407407402992249, "val_loss": 0.4927493631839752, "val_categorical_accuracy": 0.7666666507720947, "_step": 499, "best_val_loss": 0.47309455275535583, "best_epoch": 489, "_wandb": {"runtime": 2742}}