{"epoch": 499, "_timestamp": 1647798869, "_runtime": 1378, "loss": 0.006332191172987223, "categorical_accuracy": 1.0, "val_loss": 1.1763266324996948, "val_categorical_accuracy": 0.7666666507720947, "_step": 499, "best_val_loss": 0.7934751510620117, "best_epoch": 125, "_wandb": {"runtime": 1368}}