{"epoch": 499, "_timestamp": 1647916672, "_runtime": 2558, "loss": 0.20965111255645752, "categorical_accuracy": 0.8962963223457336, "val_loss": 0.4966408610343933, "val_categorical_accuracy": 0.7888888716697693, "_step": 499, "best_val_loss": 0.368394672870636, "best_epoch": 324, "_wandb": {"runtime": 2553}}