{"epoch": 199, "_timestamp": 1647957846, "_runtime": 894, "loss": 1.2667814493179321, "categorical_accuracy": 0.529629647731781, "val_loss": 1.1378440856933594, "val_categorical_accuracy": 0.5777778029441833, "_step": 199, "best_val_loss": 1.1259219646453857, "best_epoch": 196, "_wandb": {"runtime": 889}}