{"epoch": 499, "_timestamp": 1647873460, "_runtime": 2614, "loss": 0.0655287578701973, "categorical_accuracy": 0.9740740656852722, "val_loss": 0.7066367268562317, "val_categorical_accuracy": 0.8333333134651184, "_step": 499, "best_val_loss": 0.3653082847595215, "best_epoch": 152, "_wandb": {"runtime": 2608}}