{"epoch": 499, "_timestamp": 1647890477, "_runtime": 1328, "loss": 0.05235312134027481, "categorical_accuracy": 0.9814814925193787, "val_loss": 0.6722964644432068, "val_categorical_accuracy": 0.800000011920929, "_step": 499, "best_val_loss": 0.3451882302761078, "best_epoch": 211, "_wandb": {"runtime": 1322}}