{"epoch": 499, "_timestamp": 1647945822, "_runtime": 898, "loss": 0.11881749331951141, "categorical_accuracy": 0.9555555582046509, "val_loss": 0.4825924038887024, "val_categorical_accuracy": 0.8222222328186035, "_step": 499, "best_val_loss": 0.343243807554245, "best_epoch": 277, "_wandb": {"runtime": 876}}