{"epoch": 199, "_timestamp": 1647886429, "_runtime": 1007, "loss": 0.2989548146724701, "categorical_accuracy": 0.8999999761581421, "val_loss": 0.3871995806694031, "val_categorical_accuracy": 0.8111110925674438, "_step": 199, "best_val_loss": 0.3040010929107666, "best_epoch": 197, "_wandb": {"runtime": 1003}}