{"epoch": 199, "_timestamp": 1647790498, "_runtime": 1122, "loss": 0.5375472903251648, "categorical_accuracy": 0.8296296000480652, "val_loss": 0.5942420363426208, "val_categorical_accuracy": 0.7333333492279053, "_step": 199, "best_val_loss": 0.5937550663948059, "best_epoch": 191, "_wandb": {"runtime": 1117}}