{"epoch": 499, "_timestamp": 1647937003, "_runtime": 919, "loss": 0.06915916502475739, "categorical_accuracy": 1.0, "val_loss": 0.5940306782722473, "val_categorical_accuracy": 0.800000011920929, "_step": 499, "best_val_loss": 0.5434846878051758, "best_epoch": 333, "_wandb": {"runtime": 914}}