{"epoch": 199, "_timestamp": 1647839082, "_runtime": 1759, "loss": 0.9859379529953003, "categorical_accuracy": 0.6111111044883728, "val_loss": 0.968536913394928, "val_categorical_accuracy": 0.5555555820465088, "_step": 199, "best_val_loss": 0.9609609842300415, "best_epoch": 194, "_wandb": {"runtime": 1753}}