{"epoch": 199, "_timestamp": 1647941759, "_runtime": 743, "loss": 0.25531288981437683, "categorical_accuracy": 0.9111111164093018, "val_loss": 0.41179847717285156, "val_categorical_accuracy": 0.8333333134651184, "_step": 199, "best_val_loss": 0.3287310004234314, "best_epoch": 194, "_wandb": {"runtime": 716}}