{"epoch": 199, "_timestamp": 1647883071, "_runtime": 1184, "loss": 0.2703423500061035, "categorical_accuracy": 0.8962963223457336, "val_loss": 0.4087681770324707, "val_categorical_accuracy": 0.8222222328186035, "_step": 199, "best_val_loss": 0.34123483300209045, "best_epoch": 181, "_wandb": {"runtime": 1165}}