{"epoch": 199, "_timestamp": 1647930896, "_runtime": 1859, "loss": 0.6311856508255005, "categorical_accuracy": 0.8259259462356567, "val_loss": 0.8141812682151794, "val_categorical_accuracy": 0.7555555701255798, "_step": 199, "best_val_loss": 0.807320237159729, "best_epoch": 198, "_wandb": {"runtime": 1838}}