{"epoch": 499, "_timestamp": 1647956270, "_runtime": 1799, "loss": 0.521647572517395, "categorical_accuracy": 0.8222222328186035, "val_loss": 0.5598987340927124, "val_categorical_accuracy": 0.7777777910232544, "_step": 499, "best_val_loss": 0.5353293418884277, "best_epoch": 479, "_wandb": {"runtime": 1793}}