{"epoch": 499, "_timestamp": 1647867686, "_runtime": 1363, "loss": 5.318600233295001e-05, "categorical_accuracy": 1.0, "val_loss": 1.190883755683899, "val_categorical_accuracy": 0.7888888716697693, "_step": 499, "best_val_loss": 0.4988211393356323, "best_epoch": 78, "_wandb": {"runtime": 1358}}