{"epoch": 199, "_timestamp": 1647837280, "_runtime": 1780, "loss": 0.9611901044845581, "categorical_accuracy": 0.6407407522201538, "val_loss": 0.8813942670822144, "val_categorical_accuracy": 0.5777778029441833, "_step": 199, "best_val_loss": 0.8585094213485718, "best_epoch": 198, "_wandb": {"runtime": 1775}}