{"epoch": 499, "_timestamp": 1647962277, "_runtime": 2488, "loss": 0.24558456242084503, "categorical_accuracy": 0.885185182094574, "val_loss": 0.3783664405345917, "val_categorical_accuracy": 0.8333333134651184, "_step": 499, "best_val_loss": 0.31634360551834106, "best_epoch": 476, "_wandb": {"runtime": 2482}}