{"epoch": 199, "_timestamp": 1647789342, "_runtime": 1046, "loss": 0.3180953562259674, "categorical_accuracy": 0.9185185432434082, "val_loss": 0.5484018325805664, "val_categorical_accuracy": 0.800000011920929, "_step": 199, "best_val_loss": 0.5242933630943298, "best_epoch": 192, "_wandb": {"runtime": 1038}}