{"epoch": 499, "_timestamp": 1647938648, "_runtime": 1608, "loss": 0.2797180414199829, "categorical_accuracy": 0.914814829826355, "val_loss": 0.6031572818756104, "val_categorical_accuracy": 0.7777777910232544, "_step": 499, "best_val_loss": 0.5537711381912231, "best_epoch": 498, "_wandb": {"runtime": 1599}}