{"epoch": 199, "_timestamp": 1647953647, "_runtime": 762, "loss": 0.46158358454704285, "categorical_accuracy": 0.8407407402992249, "val_loss": 0.4871368408203125, "val_categorical_accuracy": 0.7888888716697693, "_step": 199, "best_val_loss": 0.4576941132545471, "best_epoch": 184, "_wandb": {"runtime": 754}}