{"epoch": 499, "_timestamp": 1647874849, "_runtime": 1339, "loss": 0.015488628298044205, "categorical_accuracy": 1.0, "val_loss": 0.7553339600563049, "val_categorical_accuracy": 0.7777777910232544, "_step": 499, "best_val_loss": 0.5908144116401672, "best_epoch": 261, "_wandb": {"runtime": 1334}}