{"epoch": 499, "_timestamp": 1647896265, "_runtime": 2327, "loss": 0.07541151344776154, "categorical_accuracy": 0.9777777791023254, "val_loss": 0.41751980781555176, "val_categorical_accuracy": 0.855555534362793, "_step": 499, "best_val_loss": 0.3079732060432434, "best_epoch": 266, "_wandb": {"runtime": 2312}}