{"epoch": 199, "_timestamp": 1647909744, "_runtime": 1052, "loss": 0.5155319571495056, "categorical_accuracy": 0.8111110925674438, "val_loss": 0.5411192178726196, "val_categorical_accuracy": 0.7222222089767456, "_step": 199, "best_val_loss": 0.5054797530174255, "best_epoch": 191, "_wandb": {"runtime": 1047}}