{"epoch": 199, "_timestamp": 1647808756, "_runtime": 657, "loss": 0.6451094150543213, "categorical_accuracy": 0.7888888716697693, "val_loss": 0.6292800903320312, "val_categorical_accuracy": 0.7444444298744202, "_step": 199, "best_val_loss": 0.5692890286445618, "best_epoch": 197, "_wandb": {"runtime": 652}}