{"epoch": 199, "_timestamp": 1647866272, "_runtime": 1152, "loss": 0.5966843962669373, "categorical_accuracy": 0.8407407402992249, "val_loss": 0.7141032814979553, "val_categorical_accuracy": 0.699999988079071, "_step": 199, "best_val_loss": 0.7141032814979553, "best_epoch": 199, "_wandb": {"runtime": 1146}}