{"epoch": 199, "_timestamp": 1647956883, "_runtime": 541, "loss": 1.2562941312789917, "categorical_accuracy": 0.5592592358589172, "val_loss": 1.1212048530578613, "val_categorical_accuracy": 0.5666666626930237, "_step": 199, "best_val_loss": 1.1144951581954956, "best_epoch": 197, "_wandb": {"runtime": 513}}