{"epoch": 199, "_timestamp": 1647927819, "_runtime": 603, "loss": 0.1157282143831253, "categorical_accuracy": 0.9666666388511658, "val_loss": 0.5015942454338074, "val_categorical_accuracy": 0.8222222328186035, "_step": 199, "best_val_loss": 0.4015675485134125, "best_epoch": 172, "_wandb": {"runtime": 544}}