{"epoch": 499, "_timestamp": 1647819490, "_runtime": 1381, "loss": 0.2404843121767044, "categorical_accuracy": 0.9407407641410828, "val_loss": 0.42337560653686523, "val_categorical_accuracy": 0.800000011920929, "_step": 499, "best_val_loss": 0.3891531229019165, "best_epoch": 443, "_wandb": {"runtime": 1375}}