{"epoch": 499, "_timestamp": 1647818079, "_runtime": 2813, "loss": 0.08106380701065063, "categorical_accuracy": 0.9666666388511658, "val_loss": 0.549625039100647, "val_categorical_accuracy": 0.855555534362793, "_step": 499, "best_val_loss": 0.3190702795982361, "best_epoch": 239, "_wandb": {"runtime": 2807}}