{"epoch": 499, "_timestamp": 1647877923, "_runtime": 3022, "loss": 0.16548891365528107, "categorical_accuracy": 0.9518518447875977, "val_loss": 0.7205246090888977, "val_categorical_accuracy": 0.7222222089767456, "_step": 499, "best_val_loss": 0.6135872602462769, "best_epoch": 496, "_wandb": {"runtime": 3017}}