{"epoch": 199, "_timestamp": 1647805443, "_runtime": 639, "loss": 0.1870470941066742, "categorical_accuracy": 0.9259259104728699, "val_loss": 0.4817541837692261, "val_categorical_accuracy": 0.800000011920929, "_step": 199, "best_val_loss": 0.33149269223213196, "best_epoch": 98, "_wandb": {"runtime": 634}}