{"epoch": 199, "_timestamp": 1647786496, "_runtime": 1065, "loss": 0.10189839452505112, "categorical_accuracy": 0.9777777791023254, "val_loss": 0.6950997710227966, "val_categorical_accuracy": 0.800000011920929, "_step": 199, "best_val_loss": 0.3981928527355194, "best_epoch": 117, "_wandb": {"runtime": 1060}}