{"epoch": 199, "_timestamp": 1647788256, "_runtime": 561, "loss": 0.14791792631149292, "categorical_accuracy": 0.9851852059364319, "val_loss": 0.6865637898445129, "val_categorical_accuracy": 0.7555555701255798, "_step": 199, "best_val_loss": 0.6384211778640747, "best_epoch": 160, "_wandb": {"runtime": 555}}