{"epoch": 199, "_timestamp": 1647863628, "_runtime": 942, "loss": 0.13742724061012268, "categorical_accuracy": 0.9481481313705444, "val_loss": 0.5073171257972717, "val_categorical_accuracy": 0.7777777910232544, "_step": 199, "best_val_loss": 0.30747488141059875, "best_epoch": 115, "_wandb": {"runtime": 937}}