{"epoch": 499, "_timestamp": 1647897917, "_runtime": 1512, "loss": 0.3714996874332428, "categorical_accuracy": 0.8629629611968994, "val_loss": 0.4688945710659027, "val_categorical_accuracy": 0.7666666507720947, "_step": 499, "best_val_loss": 0.4434657096862793, "best_epoch": 498, "_wandb": {"runtime": 1479}}