{"epoch": 499, "_timestamp": 1647940500, "_runtime": 1813, "loss": 0.3468840718269348, "categorical_accuracy": 0.8888888955116272, "val_loss": 0.48872026801109314, "val_categorical_accuracy": 0.800000011920929, "_step": 499, "best_val_loss": 0.4675801694393158, "best_epoch": 483, "_wandb": {"runtime": 1802}}