{"epoch": 199, "_timestamp": 1647931917, "_runtime": 988, "loss": 0.9783542156219482, "categorical_accuracy": 0.6851851940155029, "val_loss": 0.9906880855560303, "val_categorical_accuracy": 0.6111111044883728, "_step": 199, "best_val_loss": 0.9906880855560303, "best_epoch": 199, "_wandb": {"runtime": 968}}