{"epoch": 199, "_timestamp": 1647958761, "_runtime": 843, "loss": 1.3086769580841064, "categorical_accuracy": 0.5370370149612427, "val_loss": 1.1907988786697388, "val_categorical_accuracy": 0.5111111402511597, "_step": 199, "best_val_loss": 1.1737587451934814, "best_epoch": 196, "_wandb": {"runtime": 836}}