{"epoch": 499, "_timestamp": 1647950487, "_runtime": 993, "loss": 0.5219972729682922, "categorical_accuracy": 0.8074073791503906, "val_loss": 0.531536877155304, "val_categorical_accuracy": 0.8333333134651184, "_step": 499, "best_val_loss": 0.5309290289878845, "best_epoch": 495, "_wandb": {"runtime": 987}}