{"epoch": 499, "_timestamp": 1647952353, "_runtime": 1754, "loss": 0.6726951599121094, "categorical_accuracy": 0.7481481432914734, "val_loss": 0.5982627272605896, "val_categorical_accuracy": 0.7444444298744202, "_step": 499, "best_val_loss": 0.5982627272605896, "best_epoch": 499, "_wandb": {"runtime": 1748}}