{"epoch": 499, "_timestamp": 1647947746, "_runtime": 1873, "loss": 0.10334066301584244, "categorical_accuracy": 0.9555555582046509, "val_loss": 0.503617525100708, "val_categorical_accuracy": 0.8333333134651184, "_step": 499, "best_val_loss": 0.3009871244430542, "best_epoch": 323, "_wandb": {"runtime": 1860}}