{"epoch": 499, "_timestamp": 1647936045, "_runtime": 1519, "loss": 0.008976291865110397, "categorical_accuracy": 1.0, "val_loss": 0.8910925388336182, "val_categorical_accuracy": 0.800000011920929, "_step": 499, "best_val_loss": 0.40721753239631653, "best_epoch": 204, "_wandb": {"runtime": 1514}}