{"epoch": 499, "_timestamp": 1647919434, "_runtime": 2728, "loss": 0.21517303586006165, "categorical_accuracy": 0.9111111164093018, "val_loss": 0.3684271574020386, "val_categorical_accuracy": 0.8333333134651184, "_step": 499, "best_val_loss": 0.34683364629745483, "best_epoch": 417, "_wandb": {"runtime": 2722}}