{"epoch": 199, "_timestamp": 1647943983, "_runtime": 874, "loss": 0.9573466181755066, "categorical_accuracy": 0.699999988079071, "val_loss": 0.9035835862159729, "val_categorical_accuracy": 0.6222222447395325, "_step": 199, "best_val_loss": 0.8909387588500977, "best_epoch": 196, "_wandb": {"runtime": 869}}