{"epoch": 199, "_timestamp": 1647908665, "_runtime": 961, "loss": 0.44801732897758484, "categorical_accuracy": 0.8259259462356567, "val_loss": 0.5443594455718994, "val_categorical_accuracy": 0.7444444298744202, "_step": 199, "best_val_loss": 0.4503830075263977, "best_epoch": 173, "_wandb": {"runtime": 956}}