{"epoch": 199, "_timestamp": 1647864168, "_runtime": 503, "loss": 0.2029114067554474, "categorical_accuracy": 0.9814814925193787, "val_loss": 0.5884265303611755, "val_categorical_accuracy": 0.7777777910232544, "_step": 199, "best_val_loss": 0.5884265303611755, "best_epoch": 199, "_wandb": {"runtime": 499}}