{"epoch": 199, "_timestamp": 1647831284, "_runtime": 820, "loss": 0.3238605856895447, "categorical_accuracy": 0.8777777552604675, "val_loss": 0.4588063955307007, "val_categorical_accuracy": 0.7888888716697693, "_step": 199, "best_val_loss": 0.4054891765117645, "best_epoch": 171, "_wandb": {"runtime": 789}}