{"epoch": 499, "_timestamp": 1647812512, "_runtime": 1355, "loss": 0.0692732185125351, "categorical_accuracy": 0.9851852059364319, "val_loss": 0.8491106033325195, "val_categorical_accuracy": 0.800000011920929, "_step": 499, "best_val_loss": 0.35629335045814514, "best_epoch": 165, "_wandb": {"runtime": 1351}}