{"epoch": 199, "_timestamp": 1647952851, "_runtime": 452, "loss": 0.49996116757392883, "categorical_accuracy": 0.7888888716697693, "val_loss": 0.4892567992210388, "val_categorical_accuracy": 0.7666666507720947, "_step": 199, "best_val_loss": 0.4488871395587921, "best_epoch": 192, "_wandb": {"runtime": 447}}