{"epoch": 199, "_timestamp": 1647889117, "_runtime": 981, "loss": 0.9452657699584961, "categorical_accuracy": 0.6629629731178284, "val_loss": 0.9420716166496277, "val_categorical_accuracy": 0.644444465637207, "_step": 199, "best_val_loss": 0.9070549607276917, "best_epoch": 195, "_wandb": {"runtime": 976}}