{"epoch": 199, "_timestamp": 1647943077, "_runtime": 457, "loss": 0.9060541987419128, "categorical_accuracy": 0.7259259223937988, "val_loss": 0.9012597799301147, "val_categorical_accuracy": 0.5888888835906982, "_step": 199, "best_val_loss": 0.9012597799301147, "best_epoch": 199, "_wandb": {"runtime": 451}}