{"epoch": 499, "_timestamp": 1647852173, "_runtime": 1970, "loss": 0.5914955139160156, "categorical_accuracy": 0.7666666507720947, "val_loss": 0.6318819522857666, "val_categorical_accuracy": 0.6777777671813965, "_step": 499, "best_val_loss": 0.527495265007019, "best_epoch": 476, "_wandb": {"runtime": 1964}}