{"epoch": 499, "_timestamp": 1647791846, "_runtime": 1307, "loss": 1.94708491108031e-07, "categorical_accuracy": 1.0, "val_loss": 1.3361917734146118, "val_categorical_accuracy": 0.8333333134651184, "_step": 499, "best_val_loss": 0.43423953652381897, "best_epoch": 107, "_wandb": {"runtime": 1299}}