{"epoch": 499, "_timestamp": 1647914081, "_runtime": 1426, "loss": 0.24936984479427338, "categorical_accuracy": 0.8925926089286804, "val_loss": 0.44730880856513977, "val_categorical_accuracy": 0.8333333134651184, "_step": 499, "best_val_loss": 0.3449346423149109, "best_epoch": 320, "_wandb": {"runtime": 1421}}