{"epoch": 199, "_timestamp": 1647940977, "_runtime": 436, "loss": 0.3625486195087433, "categorical_accuracy": 0.8888888955116272, "val_loss": 0.4546501636505127, "val_categorical_accuracy": 0.8111110925674438, "_step": 199, "best_val_loss": 0.4174715578556061, "best_epoch": 188, "_wandb": {"runtime": 429}}