{"epoch": 499, "_timestamp": 1647923662, "_runtime": 2755, "loss": 0.7320955991744995, "categorical_accuracy": 0.7518518567085266, "val_loss": 0.7268533706665039, "val_categorical_accuracy": 0.6777777671813965, "_step": 499, "best_val_loss": 0.6945995092391968, "best_epoch": 491, "_wandb": {"runtime": 2751}}