{"epoch": 199, "_timestamp": 1647834571, "_runtime": 1563, "loss": 0.3772493004798889, "categorical_accuracy": 0.8407407402992249, "val_loss": 0.446910560131073, "val_categorical_accuracy": 0.8222222328186035, "_step": 199, "best_val_loss": 0.3800674378871918, "best_epoch": 169, "_wandb": {"runtime": 1559}}