{"epoch": 199, "_timestamp": 1647928352, "_runtime": 504, "loss": 0.13392217457294464, "categorical_accuracy": 0.9592592716217041, "val_loss": 0.4918568432331085, "val_categorical_accuracy": 0.8111110925674438, "_step": 199, "best_val_loss": 0.3524104058742523, "best_epoch": 165, "_wandb": {"runtime": 500}}