{"epoch": 199, "_timestamp": 1647885384, "_runtime": 2277, "loss": 0.22204254567623138, "categorical_accuracy": 0.9333333373069763, "val_loss": 0.42957648634910583, "val_categorical_accuracy": 0.8222222328186035, "_step": 199, "best_val_loss": 0.3761032819747925, "best_epoch": 191, "_wandb": {"runtime": 2269}}