{"epoch": 499, "_timestamp": 1647856783, "_runtime": 4562, "loss": 0.584344208240509, "categorical_accuracy": 0.7481481432914734, "val_loss": 0.520659327507019, "val_categorical_accuracy": 0.800000011920929, "_step": 499, "best_val_loss": 0.48060861229896545, "best_epoch": 482, "_wandb": {"runtime": 4557}}