{"epoch": 199, "_timestamp": 1647808080, "_runtime": 1314, "loss": 0.2633194029331207, "categorical_accuracy": 0.9074074029922485, "val_loss": 0.3945689797401428, "val_categorical_accuracy": 0.8333333134651184, "_step": 199, "best_val_loss": 0.3889675438404083, "best_epoch": 101, "_wandb": {"runtime": 1310}}