{"epoch": 199, "_timestamp": 1647865089, "_runtime": 890, "loss": 0.44407615065574646, "categorical_accuracy": 0.8777777552604675, "val_loss": 0.5856611728668213, "val_categorical_accuracy": 0.8333333134651184, "_step": 199, "best_val_loss": 0.5856611728668213, "best_epoch": 199, "_wandb": {"runtime": 885}}