{"epoch": 199, "_timestamp": 1647806748, "_runtime": 1280, "loss": 0.1419868767261505, "categorical_accuracy": 0.9555555582046509, "val_loss": 0.47556889057159424, "val_categorical_accuracy": 0.8111110925674438, "_step": 199, "best_val_loss": 0.41386768221855164, "best_epoch": 127, "_wandb": {"runtime": 1273}}