{"epoch": 499, "_timestamp": 1647822304, "_runtime": 2781, "loss": 0.32681983709335327, "categorical_accuracy": 0.8888888955116272, "val_loss": 0.4663572609424591, "val_categorical_accuracy": 0.800000011920929, "_step": 499, "best_val_loss": 0.43794649839401245, "best_epoch": 486, "_wandb": {"runtime": 2776}}