{"epoch": 199, "_timestamp": 1647787638, "_runtime": 1107, "loss": 0.16825424134731293, "categorical_accuracy": 0.9407407641410828, "val_loss": 0.40501320362091064, "val_categorical_accuracy": 0.8444444537162781, "_step": 199, "best_val_loss": 0.3423762917518616, "best_epoch": 135, "_wandb": {"runtime": 1101}}