{"epoch": 199, "_timestamp": 1647887027, "_runtime": 557, "loss": 0.7817076444625854, "categorical_accuracy": 0.7481481432914734, "val_loss": 0.7057612538337708, "val_categorical_accuracy": 0.7333333492279053, "_step": 199, "best_val_loss": 0.7057612538337708, "best_epoch": 199, "_wandb": {"runtime": 553}}