{"epoch": 499, "_timestamp": 1647845772, "_runtime": 4668, "loss": 0.1611621081829071, "categorical_accuracy": 0.9444444179534912, "val_loss": 0.44710880517959595, "val_categorical_accuracy": 0.8222222328186035, "_step": 499, "best_val_loss": 0.34918978810310364, "best_epoch": 407, "_wandb": {"runtime": 4663}}