{"epoch": 199, "_timestamp": 1647927182, "_runtime": 390, "loss": 0.01004850398749113, "categorical_accuracy": 1.0, "val_loss": 0.8247513771057129, "val_categorical_accuracy": 0.7888888716697693, "_step": 199, "best_val_loss": 0.6242253184318542, "best_epoch": 78, "_wandb": {"runtime": 367}}