{"epoch": 199, "_timestamp": 1647888116, "_runtime": 1050, "loss": 0.7794899344444275, "categorical_accuracy": 0.7370370626449585, "val_loss": 0.812365710735321, "val_categorical_accuracy": 0.6222222447395325, "_step": 199, "best_val_loss": 0.8024524450302124, "best_epoch": 196, "_wandb": {"runtime": 1045}}