{"epoch": 499, "_timestamp": 1647949448, "_runtime": 1657, "loss": 0.1768958568572998, "categorical_accuracy": 0.9333333373069763, "val_loss": 0.4927540123462677, "val_categorical_accuracy": 0.800000011920929, "_step": 499, "best_val_loss": 0.34295210242271423, "best_epoch": 323, "_wandb": {"runtime": 1644}}