{"epoch": 499, "_timestamp": 1647932734, "_runtime": 780, "loss": 0.0005632852553389966, "categorical_accuracy": 1.0, "val_loss": 1.0420684814453125, "val_categorical_accuracy": 0.8111110925674438, "_step": 499, "best_val_loss": 0.4174788296222687, "best_epoch": 143, "_wandb": {"runtime": 775}}