{"epoch": 499, "_timestamp": 1647841042, "_runtime": 1883, "loss": 0.13859765231609344, "categorical_accuracy": 0.9518518447875977, "val_loss": 0.68867427110672, "val_categorical_accuracy": 0.8111110925674438, "_step": 499, "best_val_loss": 0.3548590838909149, "best_epoch": 280, "_wandb": {"runtime": 1877}}