{"epoch": 199, "_timestamp": 1647835447, "_runtime": 824, "loss": 0.8717500567436218, "categorical_accuracy": 0.7074074149131775, "val_loss": 0.7525120973587036, "val_categorical_accuracy": 0.6777777671813965, "_step": 199, "best_val_loss": 0.7371644973754883, "best_epoch": 198, "_wandb": {"runtime": 820}}