{"epoch": 499, "_timestamp": 1647804784, "_runtime": 2969, "loss": 0.14128537476062775, "categorical_accuracy": 0.9481481313705444, "val_loss": 0.3775646984577179, "val_categorical_accuracy": 0.8222222328186035, "_step": 499, "best_val_loss": 0.3483443260192871, "best_epoch": 402, "_wandb": {"runtime": 2964}}