{"epoch": 199, "_timestamp": 1647928997, "_runtime": 610, "loss": 0.39459991455078125, "categorical_accuracy": 0.9296296238899231, "val_loss": 0.7032456398010254, "val_categorical_accuracy": 0.7444444298744202, "_step": 199, "best_val_loss": 0.6873473525047302, "best_epoch": 198, "_wandb": {"runtime": 606}}