{"epoch": 499, "_timestamp": 1647881827, "_runtime": 3863, "loss": 0.24880562722682953, "categorical_accuracy": 0.9222221970558167, "val_loss": 0.42213794589042664, "val_categorical_accuracy": 0.8333333134651184, "_step": 499, "best_val_loss": 0.41285842657089233, "best_epoch": 471, "_wandb": {"runtime": 3858}}