{"epoch": 499, "_timestamp": 1647830351, "_runtime": 8012, "loss": 0.4532983899116516, "categorical_accuracy": 0.8185185194015503, "val_loss": 0.4826495349407196, "val_categorical_accuracy": 0.8222222328186035, "_step": 499, "best_val_loss": 0.45008495450019836, "best_epoch": 494, "_wandb": {"runtime": 8007}}