{"epoch": 199, "_timestamp": 1647811143, "_runtime": 1147, "loss": 0.840239405632019, "categorical_accuracy": 0.7370370626449585, "val_loss": 0.7458959817886353, "val_categorical_accuracy": 0.6666666865348816, "_step": 199, "best_val_loss": 0.7426994442939758, "best_epoch": 198, "_wandb": {"runtime": 1143}}