{"epoch": 199, "_timestamp": 1647861672, "_runtime": 496, "loss": 0.009223614819347858, "categorical_accuracy": 1.0, "val_loss": 0.7506535053253174, "val_categorical_accuracy": 0.800000011920929, "_step": 199, "best_val_loss": 0.47715404629707336, "best_epoch": 53, "_wandb": {"runtime": 490}}