{"epoch": 199, "_timestamp": 1647785393, "_runtime": 532, "loss": 1.0960334539413452, "categorical_accuracy": 0.6222222447395325, "val_loss": 0.8421881794929504, "val_categorical_accuracy": 0.6666666865348816, "_step": 199, "best_val_loss": 0.5384014844894409, "best_epoch": 76, "_wandb": {"runtime": 527}}