{"epoch": 499, "_timestamp": 1647870792, "_runtime": 3057, "loss": 0.007852279581129551, "categorical_accuracy": 1.0, "val_loss": 0.7503402829170227, "val_categorical_accuracy": 0.7888888716697693, "_step": 499, "best_val_loss": 0.4072491228580475, "best_epoch": 121, "_wandb": {"runtime": 3052}}