{"epoch": 499, "_timestamp": 1647969231, "_runtime": 2183, "loss": 0.8576942086219788, "categorical_accuracy": 0.6740740537643433, "val_loss": 0.7428227663040161, "val_categorical_accuracy": 0.644444465637207, "_step": 499, "best_val_loss": 0.7428227663040161, "best_epoch": 499, "_wandb": {"runtime": 2177}}