{"epoch": 499, "_timestamp": 1647920880, "_runtime": 1422, "loss": 0.7401396036148071, "categorical_accuracy": 0.7259259223937988, "val_loss": 0.6815420985221863, "val_categorical_accuracy": 0.699999988079071, "_step": 499, "best_val_loss": 0.6672198176383972, "best_epoch": 497, "_wandb": {"runtime": 1417}}