{"epoch": 499, "_timestamp": 1647934495, "_runtime": 1737, "loss": 0.07393252849578857, "categorical_accuracy": 0.970370352268219, "val_loss": 0.802471399307251, "val_categorical_accuracy": 0.8111110925674438, "_step": 499, "best_val_loss": 0.4966239631175995, "best_epoch": 138, "_wandb": {"runtime": 1731}}