{"epoch": 199, "_timestamp": 1647942589, "_runtime": 781, "loss": 0.3184360861778259, "categorical_accuracy": 0.8814814686775208, "val_loss": 0.4123010039329529, "val_categorical_accuracy": 0.7666666507720947, "_step": 199, "best_val_loss": 0.35140326619148254, "best_epoch": 158, "_wandb": {"runtime": 762}}