{"epoch": 499, "_timestamp": 1647861135, "_runtime": 4315, "loss": 0.7037930488586426, "categorical_accuracy": 0.7370370626449585, "val_loss": 0.5805371403694153, "val_categorical_accuracy": 0.7333333492279053, "_step": 499, "best_val_loss": 0.5584595799446106, "best_epoch": 497, "_wandb": {"runtime": 4310}}