{"epoch": 499, "_timestamp": 1647850151, "_runtime": 4332, "loss": 0.1895560920238495, "categorical_accuracy": 0.9037036895751953, "val_loss": 0.647351086139679, "val_categorical_accuracy": 0.800000011920929, "_step": 499, "best_val_loss": 0.3245944082736969, "best_epoch": 322, "_wandb": {"runtime": 4325}}