{"epoch": 499, "_timestamp": 1647967007, "_runtime": 1673, "loss": 0.8434112071990967, "categorical_accuracy": 0.6851851940155029, "val_loss": 0.7373590469360352, "val_categorical_accuracy": 0.6111111044883728, "_step": 499, "best_val_loss": 0.7269355654716492, "best_epoch": 496, "_wandb": {"runtime": 1660}}