{"epoch": 199, "_timestamp": 1647911439, "_runtime": 1045, "loss": 1.1256332397460938, "categorical_accuracy": 0.585185170173645, "val_loss": 0.9609140753746033, "val_categorical_accuracy": 0.6000000238418579, "_step": 199, "best_val_loss": 0.9609140753746033, "best_epoch": 199, "_wandb": {"runtime": 1041}}