{"epoch": 199, "_timestamp": 1647944876, "_runtime": 848, "loss": 1.1465219259262085, "categorical_accuracy": 0.6000000238418579, "val_loss": 1.0335650444030762, "val_categorical_accuracy": 0.5444444417953491, "_step": 199, "best_val_loss": 1.0335650444030762, "best_epoch": 199, "_wandb": {"runtime": 827}}