{"epoch": 499, "_timestamp": 1647964130, "_runtime": 1792, "loss": 0.2369939684867859, "categorical_accuracy": 0.9185185432434082, "val_loss": 0.41859960556030273, "val_categorical_accuracy": 0.7888888716697693, "_step": 499, "best_val_loss": 0.41442471742630005, "best_epoch": 496, "_wandb": {"runtime": 1779}}