{"epoch": 499, "_timestamp": 1647797460, "_runtime": 2784, "loss": 0.003960387781262398, "categorical_accuracy": 1.0, "val_loss": 0.8723164796829224, "val_categorical_accuracy": 0.8444444537162781, "_step": 499, "best_val_loss": 0.40301513671875, "best_epoch": 132, "_wandb": {"runtime": 2773}}