{"epoch": 499, "_timestamp": 1647815244, "_runtime": 2713, "loss": 0.12459947168827057, "categorical_accuracy": 0.9592592716217041, "val_loss": 0.6096997857093811, "val_categorical_accuracy": 0.8333333134651184, "_step": 499, "best_val_loss": 0.3163019120693207, "best_epoch": 225, "_wandb": {"runtime": 2706}}