{"epoch": 499, "_timestamp": 1647801793, "_runtime": 2902, "loss": 0.1100088506937027, "categorical_accuracy": 0.9777777791023254, "val_loss": 0.45558759570121765, "val_categorical_accuracy": 0.8222222328186035, "_step": 499, "best_val_loss": 0.38357260823249817, "best_epoch": 382, "_wandb": {"runtime": 2897}}