{"epoch": 199, "_timestamp": 1647763091, "_runtime": 794, "loss": 0.16623564064502716, "categorical_accuracy": 0.9555555582046509, "val_loss": 0.7234593033790588, "val_categorical_accuracy": 0.8222222328186035, "_step": 199, "best_val_loss": 0.44483545422554016, "best_epoch": 105, "_wandb": {"runtime": 15476}}