{"epoch": 199, "_timestamp": 1647954433, "_runtime": 752, "loss": 0.5902228355407715, "categorical_accuracy": 0.7592592835426331, "val_loss": 0.5371019244194031, "val_categorical_accuracy": 0.7777777910232544, "_step": 199, "best_val_loss": 0.4769902527332306, "best_epoch": 182, "_wandb": {"runtime": 746}}