{"epoch": 199, "_timestamp": 1647904488, "_runtime": 543, "loss": 0.49888962507247925, "categorical_accuracy": 0.8037037253379822, "val_loss": 0.593044638633728, "val_categorical_accuracy": 0.7666666507720947, "_step": 199, "best_val_loss": 0.39788123965263367, "best_epoch": 194, "_wandb": {"runtime": 538}}