{"epoch": 499, "_timestamp": 1647959745, "_runtime": 932, "loss": 0.2703744173049927, "categorical_accuracy": 0.9074074029922485, "val_loss": 0.431287556886673, "val_categorical_accuracy": 0.8444444537162781, "_step": 499, "best_val_loss": 0.3031395673751831, "best_epoch": 431, "_wandb": {"runtime": 921}}