{"epoch": 499, "_timestamp": 1647965276, "_runtime": 1100, "loss": 0.9060931205749512, "categorical_accuracy": 0.6703703999519348, "val_loss": 0.8123125433921814, "val_categorical_accuracy": 0.6333333253860474, "_step": 499, "best_val_loss": 0.8081110715866089, "best_epoch": 490, "_wandb": {"runtime": 1094}}