{"epoch": 199, "_timestamp": 1647832954, "_runtime": 1631, "loss": 0.3304986357688904, "categorical_accuracy": 0.8777777552604675, "val_loss": 0.4445168077945709, "val_categorical_accuracy": 0.8111110925674438, "_step": 199, "best_val_loss": 0.39841634035110474, "best_epoch": 184, "_wandb": {"runtime": 1626}}