{"epoch": 499, "_timestamp": 1647893910, "_runtime": 3410, "loss": 0.07769353687763214, "categorical_accuracy": 0.9777777791023254, "val_loss": 0.5971922874450684, "val_categorical_accuracy": 0.8222222328186035, "_step": 499, "best_val_loss": 0.30639776587486267, "best_epoch": 202, "_wandb": {"runtime": 3405}}