{"epoch": 499, "_timestamp": 1647926756, "_runtime": 3032, "loss": 0.735568106174469, "categorical_accuracy": 0.7444444298744202, "val_loss": 0.6673036217689514, "val_categorical_accuracy": 0.699999988079071, "_step": 499, "best_val_loss": 0.6276523470878601, "best_epoch": 482, "_wandb": {"runtime": 3006}}