{"epoch": 199, "_timestamp": 1647809982, "_runtime": 1201, "loss": 0.6765066385269165, "categorical_accuracy": 0.7851851582527161, "val_loss": 0.6979881525039673, "val_categorical_accuracy": 0.6666666865348816, "_step": 199, "best_val_loss": 0.6667130589485168, "best_epoch": 195, "_wandb": {"runtime": 1195}}