{"epoch": 199, "_timestamp": 1647862655, "_runtime": 938, "loss": 0.12928593158721924, "categorical_accuracy": 0.9592592716217041, "val_loss": 0.9508594870567322, "val_categorical_accuracy": 0.7555555701255798, "_step": 199, "best_val_loss": 0.36241036653518677, "best_epoch": 109, "_wandb": {"runtime": 932}}