{"epoch": 199, "_timestamp": 1647910363, "_runtime": 588, "loss": 1.1407862901687622, "categorical_accuracy": 0.5740740895271301, "val_loss": 0.9861295223236084, "val_categorical_accuracy": 0.6000000238418579, "_step": 199, "best_val_loss": 0.9861295223236084, "best_epoch": 199, "_wandb": {"runtime": 583}}