{"epoch": 499, "_timestamp": 1647900912, "_runtime": 2891, "loss": 0.5217883586883545, "categorical_accuracy": 0.8037037253379822, "val_loss": 0.6003149747848511, "val_categorical_accuracy": 0.7333333492279053, "_step": 499, "best_val_loss": 0.5915762186050415, "best_epoch": 490, "_wandb": {"runtime": 2881}}