{"epoch": 499, "_timestamp": 1647794628, "_runtime": 2750, "loss": 0.00683462992310524, "categorical_accuracy": 1.0, "val_loss": 0.7179886102676392, "val_categorical_accuracy": 0.8333333134651184, "_step": 499, "best_val_loss": 0.3903351128101349, "best_epoch": 89, "_wandb": {"runtime": 2741}}